id,name,model_id/id,group_id/id,perm_read,perm_write,perm_create,perm_unlink
access_add_mass_product_sale,access_add_mass_product_sale,model_add_mass_product_sale,sales_team.group_sale_salesman,1,1,1,1
access_add_mass_product_sale_readonly,access_add_mass_product_sale,model_add_mass_product_sale,account.group_account_readonly,1,0,0,0
access_add_mass_product_sale_accountant,access_add_mass_product_sale,model_add_mass_product_sale,account.group_account_user,1,1,0,0
access_add_mass_product_sale_portal,add_mass_product_sale.portal,add_mass_product_in_sale_knk.model_add_mass_product_sale,base.group_portal,1,0,0,0
access_import_from_file_sale,access_import_from_file_sale,model_import_from_file_sale,sales_team.group_sale_salesman,1,1,1,1
access_import_from_file_sale_portal,import_from_file_sale.portal,add_mass_product_in_sale_knk.model_import_from_file_sale,base.group_portal,1,0,0,0
access_import_from_file_sale_readonly,access_import_from_file_sale,model_import_from_file_sale,account.group_account_readonly,1,0,0,0
access_import_from_file_sale_accountant,access_import_from_file_sale,model_import_from_file_sale,account.group_account_user,1,1,0,0
