<?xml version="1.0" encoding="utf-8"?>
<odoo>
    <!-- This view use for page design -->
    <record id="paperformat_euro_lable" model="report.paperformat">
        <field name="name">European A4</field>
        <field eval="True" name="default"/>
        <field name="format">A4</field>
        <field name="page_height">0</field>
        <field name="page_width">0</field>
        <field name="orientation">Portrait</field>
        <field name="margin_top">0</field>
        <field name="margin_bottom">0</field>
        <field name="margin_left">0</field>
        <field name="margin_right">0</field>
        <field eval="False" name="header_line"/>
        <field name="header_spacing">0</field>
        <field name="dpi">90</field>
    </record>
</odoo>
